Date,Name,Year,Letterboxd URI
2019-05-29,Suspiria,2018,https://boxd.it/cioI
2019-05-29,Y Tu Mamá También,2001,https://boxd.it/28QM
2019-05-29,The Neon Demon,2016,https://boxd.it/9AnW
2019-05-29,Mulholland Drive,2001,https://boxd.it/297o
2019-05-29,Inland Empire,2006,https://boxd.it/28d6
2019-05-29,The Lure,2015,https://boxd.it/d3mE
2019-07-23,Hereditary,2018,https://boxd.it/hNVe
2019-07-23,Stand by Me,1986,https://boxd.it/2aOe
2019-07-23,It Chapter Two,2019,https://boxd.it/h10u
2019-07-23,A Few Good Men,1992,https://boxd.it/29nw
2019-07-23,The Firm,1993,https://boxd.it/18JY
2019-07-23,Creed,2015,https://boxd.it/a2qk
2019-07-23,Trafic,1971,https://boxd.it/1TZu
2019-07-23,The Act of Killing,2012,https://boxd.it/44Cg
2019-07-23,Tangerine,2015,https://boxd.it/9QRe
2019-07-23,Lawrence of Arabia,1962,https://boxd.it/2wRE
2019-07-23,La Dolce Vita,1960,https://boxd.it/2anC
2019-07-23,Ma,2019,https://boxd.it/i8Wi
2019-07-23,Dumplin',2018,https://boxd.it/gXcc
2019-07-23,Beautiful Boy,2018,https://boxd.it/g76Q
2019-07-23,The Hunchback of Notre Dame,1996,https://boxd.it/1VZQ
2019-07-23,Atlantis: The Lost Empire,2001,https://boxd.it/1Vck
2019-07-23,"The Good, the Bad and the Ugly",1966,https://boxd.it/2ape
2019-07-23,In Fabric,2018,https://boxd.it/h2sY
2019-07-26,Breaking the Waves,1996,https://boxd.it/2b1W
2019-08-01,Little Monsters,2019,https://boxd.it/iarm
2019-08-20,The Death of Dick Long,2019,https://boxd.it/kIoA
2019-09-03,Lucy in the Sky,2019,https://boxd.it/bjly
2019-09-23,The Rhythm Section,2020,https://boxd.it/gI48
2019-09-23,We Own the Night,2007,https://boxd.it/27F4
2019-09-23,Last Train Home,2009,https://boxd.it/Pcm
2019-09-30,Patch Adams,1998,https://boxd.it/1Wzk
2019-12-23,Predestination,2014,https://boxd.it/6bJM
2020-01-22,Holy Motors,2012,https://boxd.it/3wai
2020-02-02,Cries from Syria,2017,https://boxd.it/fmqY
2020-02-10,Resistance,2020,https://boxd.it/hJdM
2020-02-11,Color Out of Space,2019,https://boxd.it/k1HY
2020-04-15,The Pillow Book,1995,https://boxd.it/1tW0
2020-04-25,The Cat Returns,2002,https://boxd.it/1Mne
2020-08-01,Incendies,2010,https://boxd.it/Msm
2020-08-01,Come and See,1985,https://boxd.it/1w9q
2020-08-01,Carnage,2011,https://boxd.it/2peU
2020-09-04,The Host,2006,https://boxd.it/28ZY
2020-09-05,Atlantics,2019,https://boxd.it/hVEK
2020-09-05,Dogtooth,2009,https://boxd.it/158K
2020-09-05,Come to Daddy,2019,https://boxd.it/lAqK
2020-09-05,Brazil,1985,https://boxd.it/2be2
2020-09-05,Videodrome,1983,https://boxd.it/29uC
2020-09-05,Memories of Murder,2003,https://boxd.it/1TSo
2020-09-05,Hands on a Hardbody: The Documentary,1997,https://boxd.it/1GDK
2020-09-05,The Thing,1982,https://boxd.it/294O
2020-10-10,The Zero Theorem,2013,https://boxd.it/4WDW
2020-10-30,Contact,1997,https://boxd.it/29OM
2020-11-19,Femme Fatale,2002,https://boxd.it/1Z4Y
2020-11-19,Double Indemnity,1944,https://boxd.it/297I
2020-11-19,The Third Man,1949,https://boxd.it/294E
2020-11-19,Blow Out,1981,https://boxd.it/1TlE
2020-11-19,The Spy Who Came in from the Cold,1965,https://boxd.it/1PQS
2020-11-19,The Day of the Jackal,1973,https://boxd.it/23GM
2020-11-19,Pontypool,2008,https://boxd.it/1yBw
2020-11-21,When the Raven Flies,1984,https://boxd.it/1JC6
2020-11-29,Fanny and Alexander,1982,https://boxd.it/22go
2020-11-29,Babette's Feast,1987,https://boxd.it/1SYU
2020-11-29,Out of Sight,1998,https://boxd.it/28R6
2020-12-13,The Triplets of Belleville,2003,https://boxd.it/1Y6Y
2021-02-09,Space Sweepers,2021,https://boxd.it/lnnI
2021-03-04,Moonstruck,1987,https://boxd.it/27zg
2021-03-10,A Sun,2019,https://boxd.it/n3uo
2021-04-09,The Father,2020,https://boxd.it/m8Ie
2021-04-14,Greenberg,2010,https://boxd.it/1rt6
2021-04-14,I Am Love,2009,https://boxd.it/10ac
2021-04-15,Paddleton,2019,https://boxd.it/j4YQ
2021-04-18,Tokyo Story,1953,https://boxd.it/1HuY
2021-04-18,Don't Look Now,1973,https://boxd.it/29fC
2021-04-18,Akira,1988,https://boxd.it/2b1i
2021-04-18,Cowboy Bebop,1998,https://boxd.it/ptES
2021-04-18,Narc,2002,https://boxd.it/1UPU
2021-04-18,Werckmeister Harmonies,2000,https://boxd.it/1zzw
2021-04-29,Our Man in Havana,1959,https://boxd.it/1vIa
2021-04-29,Ninotchka,1939,https://boxd.it/2802
2021-04-29,The Manchurian Candidate,1962,https://boxd.it/299Y
2021-04-29,Audition,1999,https://boxd.it/1UHm
2021-04-29,After Hours,1985,https://boxd.it/1VfS
2021-04-29,Oldboy,2003,https://boxd.it/29R2
2021-04-29,"Spring, Summer, Fall, Winter... and Spring",2003,https://boxd.it/2b6W
2021-04-29,Peppermint Candy,1999,https://boxd.it/ZQc
2021-05-05,Le Bonheur,1965,https://boxd.it/xyk
2021-05-07,Hollow Man,2000,https://boxd.it/1YP0
2021-05-07,The Parallax View,1974,https://boxd.it/1ILG
2021-05-07,Sneakers,1992,https://boxd.it/26VU
2021-05-07,Three Days of the Condor,1975,https://boxd.it/1SF4
2021-05-27,Arabesque,1966,https://boxd.it/1zKa
2021-05-27,North by Northwest,1959,https://boxd.it/2aRM
2021-05-27,"Lust, Caution",2007,https://boxd.it/244k
2021-06-09,The Last Days of Disco,1998,https://boxd.it/1JpQ
2021-06-09,Barcelona,1994,https://boxd.it/1JHq
2021-06-09,Metropolitan,1990,https://boxd.it/1Mku
2021-06-09,The Exorcist III,1990,https://boxd.it/1Tum
2021-06-24,Shampoo,1975,https://boxd.it/1jNW
2021-07-08,Test Pattern,2019,https://boxd.it/nDW4
2021-07-10,Voyagers,2021,https://boxd.it/m2qo
2021-07-28,Old,2021,https://boxd.it/npKI
2021-07-28,Lamb,2021,https://boxd.it/tFwE
2021-08-10,Happiness,1998,https://boxd.it/1VEe
2021-08-10,Wiener-Dog,2016,https://boxd.it/aD3M
2021-08-25,Mustang,2015,https://boxd.it/baaw
2021-09-10,Belfast,2021,https://boxd.it/tefG
2021-09-10,The French Dispatch,2021,https://boxd.it/jLP8
2021-09-10,King Richard,2021,https://boxd.it/mJZ2
2021-09-10,Cow,2021,https://boxd.it/oCnE
2021-10-04,As I Was Moving Ahead Occasionally I Saw Brief Glimpses of Beauty,2000,https://boxd.it/4gcu
2021-12-29,Funny Face,1957,https://boxd.it/1Qpy
2021-12-30,Novitiate,2017,https://boxd.it/ewpa
2021-12-30,Wife of a Spy,2020,https://boxd.it/pHCc
2021-12-30,Cure,1997,https://boxd.it/1blA
2021-12-30,Creepy,2016,https://boxd.it/dfd0
2022-02-01,After Yang,2021,https://boxd.it/lx5a
2022-02-09,Drive My Car,2021,https://boxd.it/sv94
2022-04-16,Home for the Holidays,1995,https://boxd.it/1ZbU
2022-04-16,The Science of Sleep,2006,https://boxd.it/2aEe
2022-07-09,Ed Wood,1994,https://boxd.it/2adM
2022-07-09,Mishima: A Life in Four Chapters,1985,https://boxd.it/1sBA
2022-07-09,Beginners,2010,https://boxd.it/s2S
2022-07-19,Leave Her to Heaven,1945,https://boxd.it/1IjC
2022-07-21,Out of the Clear Blue Sky,2019,https://boxd.it/ok08
2022-07-27,The Night House,2020,https://boxd.it/jZze
2022-08-03,The Hobbit: The Battle of the Five Armies,2014,https://boxd.it/43aU
2022-08-05,The Untouchables,1987,https://boxd.it/2b6i
2022-08-12,The Kingdom of Dreams and Madness,2013,https://boxd.it/7oOi
2022-08-13,Bringing Out the Dead,1999,https://boxd.it/1ZZK
2022-08-13,"What Did You Do in the War, Daddy?",1966,https://boxd.it/1aUu
2022-08-19,The Feast,2021,https://boxd.it/tVpO
2022-08-23,The Jerk,1979,https://boxd.it/21EO
2022-09-21,The Company Men,2010,https://boxd.it/SJ4
2022-09-27,McCabe & Mrs. Miller,1971,https://boxd.it/1ooC
2022-09-27,3 Women,1977,https://boxd.it/YPs
2022-09-27,Thieves Like Us,1974,https://boxd.it/1iBK
2022-09-27,House of Games,1987,https://boxd.it/1tji
2022-09-27,Homicide,1991,https://boxd.it/1zZk
2022-09-27,The Spanish Prisoner,1997,https://boxd.it/1nZW
2022-09-27,Love Liza,2002,https://boxd.it/1Mjw
2022-09-27,Along Came Polly,2004,https://boxd.it/22fU
2022-09-27,Scent of a Woman,1992,https://boxd.it/1YAu
2022-09-27,Deliverance,1972,https://boxd.it/1VGk
2022-09-27,Cat on a Hot Tin Roof,1958,https://boxd.it/2aK2
2022-09-27,The Sting,1973,https://boxd.it/1Z5s
2022-09-27,Nobody's Fool,1994,https://boxd.it/1Tto
2022-09-27,Cool Hand Luke,1967,https://boxd.it/29jY
2022-09-27,The Verdict,1982,https://boxd.it/1y3Y
2022-09-27,Blonde,2022,https://boxd.it/9AG0
2022-09-27,Lady Vengeance,2005,https://boxd.it/248G
2022-09-27,Day for Night,1973,https://boxd.it/28kG
2022-09-30,Master Gardener,2022,https://boxd.it/wNuC
2022-10-11,Force Majeure,2014,https://boxd.it/7UcA
2022-10-11,Z,1969,https://boxd.it/26pY
2022-10-15,Re-Animator,1985,https://boxd.it/28hM
2022-10-15,The Warriors,1979,https://boxd.it/1TLC
2022-10-24,The Sadness,2021,https://boxd.it/tcHe
2022-10-24,Dressed to Kill,1980,https://boxd.it/1UO8
2022-10-24,Cruising,1980,https://boxd.it/1qzW
2022-10-24,American Gigolo,1980,https://boxd.it/26l8
2022-10-24,The Hand that Rocks the Cradle,1992,https://boxd.it/1UFK
2022-10-27,Unknown,2011,https://boxd.it/JbW
2022-10-27,Non-Stop,2014,https://boxd.it/6FtO
2022-10-27,Faults,2014,https://boxd.it/79FA
2022-10-27,Kotoko,2011,https://boxd.it/3030
2022-11-05,Living,2022,https://boxd.it/syDQ
2022-11-05,Midnight Run,1988,https://boxd.it/1ZnQ
2022-11-05,My Own Private Idaho,1991,https://boxd.it/2ak4
2022-11-05,Husbands,1970,https://boxd.it/zOY
2022-11-16,We Are Who We Are,2020,https://boxd.it/n6GW
2022-11-22,Never Been Kissed,1999,https://boxd.it/1U3c
2022-11-22,Absence of Malice,1981,https://boxd.it/1F74
2022-11-24,The Fabelmans,2022,https://boxd.it/ugoM
2022-11-24,The Baader Meinhof Complex,2008,https://boxd.it/21fY
2022-11-24,Army of Shadows,1969,https://boxd.it/1Mli
2022-11-24,The Battle of Algiers,1966,https://boxd.it/1IRY
2022-11-24,The Conformist,1970,https://boxd.it/20cE
2022-11-24,Hangmen Also Die!,1943,https://boxd.it/1AVS
2022-11-24,The Train,1964,https://boxd.it/25lm
2022-12-13,The Wonder,2022,https://boxd.it/v3uY
2023-01-12,All That Breathes,2022,https://boxd.it/yprS
2023-01-12,Benediction,2021,https://boxd.it/dZsg
2023-01-12,Ahed's Knee,2021,https://boxd.it/oDp2
2023-01-12,Saint Omer,2022,https://boxd.it/yShC
2023-01-12,We're All Going to the World's Fair,2021,https://boxd.it/tbmY
2023-01-13,Blackhat,2015,https://boxd.it/62Te
2023-02-15,Happy Together,1997,https://boxd.it/1Ha0
2023-02-15,Irma Vep,1996,https://boxd.it/1vYs
2023-02-15,My Night at Maud's,1969,https://boxd.it/Hwo
2023-02-15,"I'm a Cyborg, But That's OK",2006,https://boxd.it/2328
2023-02-15,My Beautiful Laundrette,1985,https://boxd.it/1UhI
2023-02-23,The Little Drummer Girl,2018,https://boxd.it/kkCS
2023-02-23,King Lear,2018,https://boxd.it/iALC
2023-02-23,The Falling,2014,https://boxd.it/9jPE
2023-02-25,Climax,2018,https://boxd.it/ikvo
2023-02-25,Basic Instinct,1992,https://boxd.it/2asM
2023-03-07,The White Ribbon,2009,https://boxd.it/17eU
2023-03-30,Rachel Getting Married,2008,https://boxd.it/1N30
2023-03-30,Pride and Glory,2008,https://boxd.it/1QIq
2023-04-05,Investigation of a Citizen Above Suspicion,1970,https://boxd.it/1tRY
2023-04-05,The Quiet Girl,2022,https://boxd.it/yvgm
2023-04-12,Night Moves,2013,https://boxd.it/4WFe
2023-04-12,Showing Up,2022,https://boxd.it/tJ1q
2023-04-12,Wendy and Lucy,2008,https://boxd.it/1Zx2
2023-04-12,Certain Women,2016,https://boxd.it/bk7W
2023-04-12,Meek's Cutoff,2010,https://boxd.it/nsG
2023-04-12,Pacifiction,2022,https://boxd.it/pOfa
2023-04-24,The Seventh Seal,1957,https://boxd.it/2ahO
2023-04-26,Larry's Garage,2020,https://boxd.it/iIy2
2023-05-04,Strange World,2022,https://boxd.it/x6Li
2023-05-15,Sanctuary,2022,https://boxd.it/wPKW
2023-05-19,Smoking Causes Coughing,2022,https://boxd.it/wVl4
2023-05-23,BlackBerry,2023,https://boxd.it/CoVK
2023-06-01,R.M.N.,2022,https://boxd.it/yDoe
2023-06-01,"4 Months, 3 Weeks and 2 Days",2007,https://boxd.it/27DW
2023-06-15,Being There,1979,https://boxd.it/1WxS
2023-07-05,Sharper,2023,https://boxd.it/qTXe
2023-07-12,Amanda,2022,https://boxd.it/BYue
2023-09-04,River Wild,2023,https://boxd.it/BOGk
2023-09-08,The Zone of Interest,2023,https://boxd.it/gJsA
2023-09-08,The Royal Hotel,2023,https://boxd.it/zEvs
2023-09-08,Challengers,2024,https://boxd.it/zld0
2023-09-08,The Staggering Girl,2019,https://boxd.it/kxou
2023-09-08,Priscilla,2023,https://boxd.it/Cz3k
2023-09-08,The Taste of Things,2023,https://boxd.it/Arke
2023-10-25,Fracture,2007,https://boxd.it/220K
2023-10-28,The Promised Land,2023,https://boxd.it/B1hA
2023-10-28,All of Us Strangers,2023,https://boxd.it/Bz3C
2023-10-28,NYAD,2023,https://boxd.it/xOSM
2023-10-28,The Iron Claw,2023,https://boxd.it/w5Pm
2023-10-28,American Fiction,2023,https://boxd.it/DYHm
2023-10-28,Fingernails,2023,https://boxd.it/tJ82
2023-11-20,Secrets & Lies,1996,https://boxd.it/1UuC
2023-11-20,State of Siege,1972,https://boxd.it/3dao
2023-11-20,Scenes from a Marriage,1974,https://boxd.it/4kJC
2023-11-29,The Lion in Winter,1968,https://boxd.it/1FVe
2023-11-29,The Right Stuff,1983,https://boxd.it/1YoS
2023-12-30,Joy Ride,2023,https://boxd.it/wEeK
2023-12-30,Divinity,2023,https://boxd.it/E34u
2023-12-30,You Hurt My Feelings,2023,https://boxd.it/xBXu
2023-12-30,Fremont,2023,https://boxd.it/DHjM
2023-12-30,Unrest,2022,https://boxd.it/s6u2
2024-01-10,Society of the Snow,2023,https://boxd.it/y9aw
2024-02-01,Before the Devil Knows You're Dead,2007,https://boxd.it/20Jy
